{
    "$schema": "https://schema.management.azure.com/schemas/2019-04-01/deploymentParameters.json#",
    "contentVersion": "1.0.0.0",
    "parameters": {
        "vmList": {
            "value": "N20-CS-FRAP01P,N20-CS-FRAP02P"
        },
        "domainJoinUserName": {
            "value": "int\\SVC_OCIWINADM_P"
        },
        "domainJoinUserPassword": {
            "value": "1cto0)>.6c=o;Cl4Xh"
        },
        "domainFQDN": {
            "value": "INT.dir.willis.com"
        }
    }
}