{
    "$schema": "https://schema.management.azure.com/schemas/2019-04-01/deploymentParameters.json#",
    "contentVersion": "1.0.0.0",
    "parameters": {
        "vmList": {
            "value": "N20-CS-FRAP01P,N20-CS-FRAP02P"
        },
        "domainJoinUserName": {
            "value": "internal\\SVC_dmnjon_P"
        },
        "domainJoinUserPassword": {
            "value": "ju@1%/{=;8;S!NsX&)"
        },
        "domainFQDN": {
            "value": "internal.towerswatson.com"
        }
    }
}