{
    "$schema": "https://schema.management.azure.com/schemas/2019-04-01/deploymentParameters.json#",
    "contentVersion": "1.0.0.0",
    "parameters": {
      "virtualNetworkName": {
        "value": "Demo-vnet"
      },
      "NetworkRG": {
        "value": "CRP-Test-Demo-RG01"
      },
      "storageAccountName": {
        "value": "crptestdemosto01"
      },
      "storageRG": {
        "value": "CRP-Test-Demo-RG01"
      },
         "adminPassword": {
            "value": "Welcome@12345" 
        },

        "VMsConfig": {
          "value": [
            {
              "virtualMachineName": "VMAArray",
              "virtualMachineSize": "Standard_D1_v2",
              "subnetName": "APP-Subnet",
              "privateIPAddressType": "Static",
              "privateIpAddress": "10.1.0.24",
              "isPublic": 0,
              "dataDisksCount": 1,
              "dataDiskSizeLst": [ 10 ],
              "diskType": "Standard_LRS",
              "enableAcceleratedNetworking": false,
              "zone": 1

            },
            {
              "virtualMachineName": "VMBArray",
              "virtualMachineSize": "Standard_D1_v2",
              "subnetName": "APP-Subnet",
              "privateIPAddressType": "Static",
              "privateIpAddress": "10.1.0.25",
              "isPublic": 0,
              "dataDisksCount": 1,
              "dataDiskSizeLst": [ 10 ],
              "diskType": "Standard_LRS",
              "enableAcceleratedNetworking": false,
              "zone": 2

            }

          ]
        }
    }
}
