{
  "$schema": "https://schema.management.azure.com/schemas/2019-04-01/deploymentParameters.json#",
  "contentVersion": "1.0.0.0",
  "parameters": {
    "virtualNetworkName": {
      "value": "Demo-vnet"
    },
    "NetworkRG": {
      "value": "CRP-Test-Demo-RG01",
    },
    "diagstorageAccountName": {
      "value": "crptestdemosto01"
    },
    "adminPassword": {
      "value": "Welcome@12345"
    },
    "avsetAttributes": {
      "value": {
        "avsetName": "Test-Demo-AS",
        "platformUpdateDomainCount": 1,
        "platformFaultDomainCount": 1
      }
    },
    "VMsConfig": {
      "value": [
        {
          "virtualMachineName": "WTW-WinAPP01",
          "virtualMachineSize": "Standard_B2ms",
          "subnetName": "APP-Subnet",
          "privateIPAddressType": "Dynamic",
          "isPublic": 0,
          "dataDisksCount": 1,
          "dataDiskSizeLst": [ 50 ],
          "diskType": "Standard_LRS",
          "enableAcceleratedNetworking": false
        },
        {
          "virtualMachineName": "WTW-WinAPP02",
          "virtualMachineSize": "Standard_B2ms",
          "subnetName": "APP-Subnet",
          "privateIPAddressType": "Dynamic"
          "isPublic": 0,
          "dataDisksCount": 1,
          "dataDiskSizeLst": [ 50 ],
          "diskType": "Standard_LRS",
          "enableAcceleratedNetworking": false
        }
      ]
    },
    "storageRG": {
      "value": "CRP-Test-Demo-RG01"
    }
  }
}
