{
	"$schema": "https://schema.management.azure.com/schemas/2019-04-01/deploymentParameters.json#",
	"contentVersion": "1.0.0.0",
	"parameters": {
		"virtualNetworkName": {
			"value": "ITCGHF-P-CRP-NA20-VNET"
		},
		"NetworkRG": {
			"value": "itcghf-p-crp-networks-na20-rgrp"
		},
		"storageAccountName": {
			"value": "crpvmna20pdiag1152"
		},
		"storageRG": {
			"value": "itcghf-p-crp-networks-na20-rgrp"
		},
		"adminPassword": {
			"value": "World@wel123!"
		},

		"VMsConfig": {
			"value": [{
					"virtualMachineName": "N20-CS-HFMAP01P",
					"virtualMachineSize": "Standard_E8ads_v5",
					"subnetName": "VM-CRP-NA20-VNET-SUBN1",
					"privateIPAddressType": "Dynamic",
					"isPublic": 0,
					"dataDisksCount": 1,
					"dataDiskSizeLst": [150],
					"diskType": "Standard_LRS",
					"enableAcceleratedNetworking": false,
					"zone": 1

				},
				{
					"virtualMachineName": "N20-CS-HFMAP02P",
					"virtualMachineSize": "Standard_E8ads_v5",
					"subnetName": "VM-CRP-NA20-VNET-SUBN1",
					"privateIPAddressType": "Dynamic",
					"isPublic": 0,
					"dataDisksCount": 1,
					"dataDiskSizeLst": [150],
					"diskType": "Standard_LRS",
					"enableAcceleratedNetworking": false,
					"zone": 2

				},
				{
					"virtualMachineName": "N20-CS-FDMAP01P",
					"virtualMachineSize": "Standard_E8ads_v5",
					"subnetName": "VM-CRP-NA20-VNET-SUBN1",
					"privateIPAddressType": "Dynamic",
					"isPublic": 0,
					"dataDisksCount": 1,
					"dataDiskSizeLst": [300],
					"diskType": "Standard_LRS",
					"enableAcceleratedNetworking": false,
					"zone": 1

				},
				{
					"virtualMachineName": "N20-CS-ESSAP01P",
					"virtualMachineSize": "Standard_E16-8ads_v5",
					"subnetName": "VM-CRP-NA20-VNET-SUBN1",
					"privateIPAddressType": "Dynamic",
					"isPublic": 0,
					"dataDisksCount": 3,
					"dataDiskSizeLst": [150, 1024, 250],
					"diskType": "Standard_LRS",
					"enableAcceleratedNetworking": false,
					"zone": 2
				}

			]
		}
	}
}