{
  "$schema": "http://schema.management.azure.com/schemas/2019-04-01/deploymentTemplate.json#",
  "contentVersion": "1.0.0.0",
  "parameters": {
    "VMsConfig": {
      "type": "Array"
    },
    "virtualNetworkName": {
      "type": "String"
    },
    "avsetAttributes": {
      "type": "object"
    },
    "NetworkRG": {
      "defaultValue": "",
      "type": "String"
    },
    "adminPassword": {
      "type": "SecureString"
    },
    "storageRG": {
      "type": "string"
    },
    "diagstorageAccountName": {
      "type": "string"
    }
  },
  "variables": {
    "vnetID": "[resourceId(parameters('NetworkRG'),'Microsoft.Network/virtualNetworks',parameters('virtualNetworkName'))]",
    "storageref": "[resourceId(parameters('storageRG'),'Microsoft.Storage/storageAccounts',parameters('diagstorageAccountName'))]",
    "nicSuffix": "-NIC",
    "adminUsername": "hostadmin"
  },
  "resources": [
    {
      "type": "Microsoft.Network/networkInterfaces",
      "apiVersion": "2020-06-01",
      "name": "[concat(parameters('VMsConfig')[copyindex()].virtualMachineName,variables('nicSuffix'))]",
      "location": "[resourceGroup().location]",
      "dependsOn": [],
      "properties": {
        "enableAcceleratedNetworking": "[parameters('VMsConfig')[copyindex()].enableAcceleratedNetworking]",
        "ipConfigurations": [
          {
            "name": "ipconfig1",
            "properties": {
              "subnet": {
                "id": "[concat(variables('vnetID'),'/subnets/',parameters('VMsConfig')[copyindex()].subnetName)]"
              },
              "privateIPAllocationMethod": "[parameters('VMsConfig')[copyindex()].privateIPAddressType]"
            }
          }
        ]
      },
      "copy": {
        "name": "privateNicLoop",
        "count": "[length(parameters('VMsConfig'))]"
      },
      "condition": "[equals(parameters('VMsConfig')[copyindex()].isPublic, 0)]"
    },
    {
      "name": "[parameters('avsetAttributes').avsetName]",
      "type": "Microsoft.Compute/availabilitySets",
      "location": "[resourceGroup().location]",
      "apiVersion": "2020-06-01",
      "dependsOn": [],
      "tags": {
        "displayName": "avset"
      },
      "properties": {
        "managed": "true",
        "platformUpdateDomainCount": "[parameters('avsetAttributes').platformUpdateDomainCount]",
        "platformFaultDomainCount": "[parameters('avsetAttributes').platformFaultDomainCount]"
      }
    },
    {
      "type": "Microsoft.Compute/virtualMachines",
      "apiVersion": "2020-06-01",
      "name": "[parameters('VMsConfig')[copyindex()].virtualMachineName]",
      "location": "[resourceGroup().location]",
      "dependsOn": [
        "privateNicLoop",
        "[parameters('avsetAttributes').avsetName]" 
      ],
      "properties": {
        "licenseType": "Windows_Server",
        "osProfile": {
          "computerName": "[parameters('VMsConfig')[copyindex()].virtualMachineName]",
          "adminUsername": "[variables('adminUsername')]",
          "adminPassword": "[parameters('adminPassword')]",
          "windowsConfiguration": {
            "timeZone": "W. Europe Standard Time"
          }

        },
        "hardwareProfile": {
          "vmSize": "[parameters('VMsConfig')[copyindex()].virtualMachineSize]"
        },
        "storageProfile": {
          "imageReference": {
            "publisher": "MicrosoftWindowsServer",
                        "offer": "WindowsServer",
                        "sku": "2016-Datacenter",
                        "version": "latest"
          },
          "osDisk": {
            "name": "[concat(parameters('VMsConfig')[copyindex()].virtualMachineName,'-OSDisk')]",
            "createOption": "FromImage",
            "managedDisk": {
              "storageAccountType": "Standard_LRS"
            }

          },
          "copy": [
            {
              "name": "dataDisks",
              "count": "[parameters('VMsConfig')[copyindex()].dataDisksCount]",
              "input": {
                "name": "[concat(parameters('VMsConfig')[copyindex()].virtualMachineName,'-DataDisk',copyIndex('dataDisks'))]",
                "diskSizeGB": "[parameters('VMsConfig')[copyindex()].dataDiskSizeLst [copyIndex('dataDisks')]]",
                "lun": "[copyIndex('dataDisks')]",
                "createOption": "Empty",
                "caching": "None",
                "managedDisk": {
                  "storageAccountType": "[parameters('VMsConfig')[copyindex()].diskType]"

                }
              }
            }
          ]
        },
        "networkProfile": {
          "networkInterfaces": [
            {
              "id": "[resourceId('Microsoft.Network/networkInterfaces', concat(parameters('VMsConfig')[copyindex()].virtualMachineName, variables('nicSuffix')))]"
            }
          ]
        },
        "diagnosticsProfile": {
          "bootDiagnostics": {
            "enabled": true,
            "storageUri": "[concat('https://', parameters('diagstorageAccountName'), '.blob.core.windows.net/')]"
          }
        },
        "availabilitySet": {
          "id": "[resourceId('Microsoft.Compute/availabilitySets',parameters('avsetAttributes').avsetName)]"
        }
      },
      "resources": [
        {
          "type": "extensions",
          "name": "Microsoft.Insights.VMDiagnosticsSettings",
          "apiVersion": "2020-06-01",
          "location": "[resourceGroup().location]",
          "tags": {
            "displayName": "AzureDiagnostics"
          },
          "dependsOn": [
            "[resourceId('Microsoft.Compute/virtualMachines/', parameters('VMsConfig')[copyindex()].virtualMachineName)]"
          ],
          "properties": {
            "publisher": "Microsoft.Azure.Diagnostics",
            "type": "IaaSDiagnostics",
            "typeHandlerVersion": "1.5",
            "autoUpgradeMinorVersion": true,
            "Settings": {
              "StorageAccount": "[parameters('diagstorageAccountName')]",
              "WadCfg": {
                "DiagnosticMonitorConfiguration": {
                  "overallQuotaInMB": 5120,
                  "Metrics": {
                    "resourceId": "[resourceId('Microsoft.Compute/virtualMachines/', parameters('VMsConfig')[copyindex()].virtualMachineName)]",
                    "MetricAggregation": [
                      {
                        "scheduledTransferPeriod": "PT1H"
                      },
                      {
                        "scheduledTransferPeriod": "PT1M"
                      }
                    ]
                  },
                  "DiagnosticInfrastructureLogs": {
                    "scheduledTransferLogLevelFilter": "Error"
                  },
                  "PerformanceCounters": {
                    "scheduledTransferPeriod": "PT1M",
                    "PerformanceCounterConfiguration": [
                      {
                        "counterSpecifier": "\\Processor Information(_Total)\\% Processor Time",
                        "unit": "Percent",
                        "sampleRate": "PT60S"
                      },
                      {
                        "counterSpecifier": "\\Processor Information(_Total)\\% Privileged Time",
                        "unit": "Percent",
                        "sampleRate": "PT60S"
                      },
                      {
                        "counterSpecifier": "\\Processor Information(_Total)\\% User Time",
                        "unit": "Percent",
                        "sampleRate": "PT60S"
                      },
                      {
                        "counterSpecifier": "\\Processor Information(_Total)\\Processor Frequency",
                        "unit": "Count",
                        "sampleRate": "PT60S"
                      },
                      {
                        "counterSpecifier": "\\System\\Processes",
                        "unit": "Count",
                        "sampleRate": "PT60S"
                      },
                      {
                        "counterSpecifier": "\\Process(_Total)\\Thread Count",
                        "unit": "Count",
                        "sampleRate": "PT60S"
                      },
                      {
                        "counterSpecifier": "\\Process(_Total)\\Handle Count",
                        "unit": "Count",
                        "sampleRate": "PT60S"
                      },
                      {
                        "counterSpecifier": "\\System\\System Up Time",
                        "unit": "Count",
                        "sampleRate": "PT60S"
                      },
                      {
                        "counterSpecifier": "\\System\\Context Switches/sec",
                        "unit": "CountPerSecond",
                        "sampleRate": "PT60S"
                      },
                      {
                        "counterSpecifier": "\\System\\Processor Queue Length",
                        "unit": "Count",
                        "sampleRate": "PT60S"
                      },
                      {
                        "counterSpecifier": "\\Memory\\% Committed Bytes In Use",
                        "unit": "Percent",
                        "sampleRate": "PT60S"
                      },
                      {
                        "counterSpecifier": "\\Memory\\Available Bytes",
                        "unit": "Bytes",
                        "sampleRate": "PT60S"
                      },
                      {
                        "counterSpecifier": "\\Memory\\Committed Bytes",
                        "unit": "Bytes",
                        "sampleRate": "PT60S"
                      },
                      {
                        "counterSpecifier": "\\Memory\\Cache Bytes",
                        "unit": "Bytes",
                        "sampleRate": "PT60S"
                      },
                      {
                        "counterSpecifier": "\\Memory\\Pool Paged Bytes",
                        "unit": "Bytes",
                        "sampleRate": "PT60S"
                      },
                      {
                        "counterSpecifier": "\\Memory\\Pool Nonpaged Bytes",
                        "unit": "Bytes",
                        "sampleRate": "PT60S"
                      },
                      {
                        "counterSpecifier": "\\Memory\\Pages/sec",
                        "unit": "CountPerSecond",
                        "sampleRate": "PT60S"
                      },
                      {
                        "counterSpecifier": "\\Memory\\Page Faults/sec",
                        "unit": "CountPerSecond",
                        "sampleRate": "PT60S"
                      },
                      {
                        "counterSpecifier": "\\Process(_Total)\\Working Set",
                        "unit": "Count",
                        "sampleRate": "PT60S"
                      },
                      {
                        "counterSpecifier": "\\Process(_Total)\\Working Set - Private",
                        "unit": "Count",
                        "sampleRate": "PT60S"
                      },
                      {
                        "counterSpecifier": "\\LogicalDisk(_Total)\\% Disk Time",
                        "unit": "Percent",
                        "sampleRate": "PT60S"
                      },
                      {
                        "counterSpecifier": "\\LogicalDisk(_Total)\\% Disk Read Time",
                        "unit": "Percent",
                        "sampleRate": "PT60S"
                      },
                      {
                        "counterSpecifier": "\\LogicalDisk(_Total)\\% Disk Write Time",
                        "unit": "Percent",
                        "sampleRate": "PT60S"
                      },
                      {
                        "counterSpecifier": "\\LogicalDisk(_Total)\\% Idle Time",
                        "unit": "Percent",
                        "sampleRate": "PT60S"
                      },
                      {
                        "counterSpecifier": "\\LogicalDisk(_Total)\\Disk Bytes/sec",
                        "unit": "BytesPerSecond",
                        "sampleRate": "PT60S"
                      },
                      {
                        "counterSpecifier": "\\LogicalDisk(_Total)\\Disk Read Bytes/sec",
                        "unit": "BytesPerSecond",
                        "sampleRate": "PT60S"
                      },
                      {
                        "counterSpecifier": "\\LogicalDisk(_Total)\\Disk Write Bytes/sec",
                        "unit": "BytesPerSecond",
                        "sampleRate": "PT60S"
                      },
                      {
                        "counterSpecifier": "\\LogicalDisk(_Total)\\Disk Transfers/sec",
                        "unit": "BytesPerSecond",
                        "sampleRate": "PT60S"
                      },
                      {
                        "counterSpecifier": "\\LogicalDisk(_Total)\\Disk Reads/sec",
                        "unit": "BytesPerSecond",
                        "sampleRate": "PT60S"
                      },
                      {
                        "counterSpecifier": "\\LogicalDisk(_Total)\\Disk Writes/sec",
                        "unit": "BytesPerSecond",
                        "sampleRate": "PT60S"
                      },
                      {
                        "counterSpecifier": "\\LogicalDisk(_Total)\\Avg. Disk sec/Transfer",
                        "unit": "Count",
                        "sampleRate": "PT60S"
                      },
                      {
                        "counterSpecifier": "\\LogicalDisk(_Total)\\Avg. Disk sec/Read",
                        "unit": "Count",
                        "sampleRate": "PT60S"
                      },
                      {
                        "counterSpecifier": "\\LogicalDisk(_Total)\\Avg. Disk sec/Write",
                        "unit": "Count",
                        "sampleRate": "PT60S"
                      },
                      {
                        "counterSpecifier": "\\LogicalDisk(_Total)\\Avg. Disk Queue Length",
                        "unit": "Count",
                        "sampleRate": "PT60S"
                      },
                      {
                        "counterSpecifier": "\\LogicalDisk(_Total)\\Avg. Disk Read Queue Length",
                        "unit": "Count",
                        "sampleRate": "PT60S"
                      },
                      {
                        "counterSpecifier": "\\LogicalDisk(_Total)\\Avg. Disk Write Queue Length",
                        "unit": "Count",
                        "sampleRate": "PT60S"
                      },
                      {
                        "counterSpecifier": "\\LogicalDisk(_Total)\\% Free Space",
                        "unit": "Percent",
                        "sampleRate": "PT60S"
                      },
                      {
                        "counterSpecifier": "\\LogicalDisk(_Total)\\Free Megabytes",
                        "unit": "Count",
                        "sampleRate": "PT60S"
                      },
                      {
                        "counterSpecifier": "\\Network Interface(*)\\Bytes Total/sec",
                        "unit": "BytesPerSecond",
                        "sampleRate": "PT60S"
                      },
                      {
                        "counterSpecifier": "\\Network Interface(*)\\Bytes Sent/sec",
                        "unit": "BytesPerSecond",
                        "sampleRate": "PT60S"
                      },
                      {
                        "counterSpecifier": "\\Network Interface(*)\\Bytes Received/sec",
                        "unit": "BytesPerSecond",
                        "sampleRate": "PT60S"
                      },
                      {
                        "counterSpecifier": "\\Network Interface(*)\\Packets/sec",
                        "unit": "BytesPerSecond",
                        "sampleRate": "PT60S"
                      },
                      {
                        "counterSpecifier": "\\Network Interface(*)\\Packets Sent/sec",
                        "unit": "BytesPerSecond",
                        "sampleRate": "PT60S"
                      },
                      {
                        "counterSpecifier": "\\Network Interface(*)\\Packets Received/sec",
                        "unit": "BytesPerSecond",
                        "sampleRate": "PT60S"
                      },
                      {
                        "counterSpecifier": "\\Network Interface(*)\\Packets Outbound Errors",
                        "unit": "Count",
                        "sampleRate": "PT60S"
                      },
                      {
                        "counterSpecifier": "\\Network Interface(*)\\Packets Received Errors",
                        "unit": "Count",
                        "sampleRate": "PT60S"
                      }
                    ]
                  },
                  "WindowsEventLog": {
                    "scheduledTransferPeriod": "PT1M",
                    "DataSource": [
                      {
                        "name": "Application!*[System[(Level = 1 or Level = 2 or Level = 3)]]"
                      },
                      {
                        "name": "Security!*[System[band(Keywords,4503599627370496)]]"
                      },
                      {
                        "name": "System!*[System[(Level = 1 or Level = 2 or Level = 3)]]"
                      }
                    ]
                  }
                }
              }
            },
            "ProtectedSettings": {
              "storageAccountName": "parameters('storageAccountName')",
              "storageAccountKey": "[listKeys(variables('storageref'),'2015-06-15').key1]"


            }
          }
        }
      ],

      "copy": {
        "name": "VMLoop",
        "count": "[length(parameters('VMsConfig'))]"
      }
    }
  ],
  "outputs": {}
}