{
	"$schema": "http://schema.management.azure.com/schemas/2019-04-01/deploymentTemplate.json#",
	"contentVersion": "1.0.0.0",
	"parameters": {
		"VMsConfig": {
			"type": "Array"
		},
		"virtualNetworkName": {
			"type": "String"
		},
		"NetworkRG": {
			"defaultValue": "",
			"type": "String"
		},
		"adminPassword": {
			"type": "SecureString"
		},
		"storageRG": {
			"type": "string"
		},
		"diagstorageAccountName": {
			"type": "string"
		}
	},
	"variables": {
		"vnetID": "[resourceId(parameters('NetworkRG'),'Microsoft.Network/virtualNetworks',parameters('virtualNetworkName'))]",
		"storageref": "[resourceId(parameters('storageRG'),'Microsoft.Storage/storageAccounts',parameters('diagstorageAccountName'))]",
		"nicSuffix": "-NIC",
		"adminUsername": "hostadmin"
	},
	"resources": [{
			"type": "Microsoft.Network/networkInterfaces",
			"apiVersion": "2020-07-01",
			"name": "[concat(parameters('VMsConfig')[copyindex()].virtualMachineName,variables('nicSuffix'))]",
			"location": "[resourceGroup().location]",
			"dependsOn": [],
			"properties": {
				"enableAcceleratedNetworking": "[parameters('VMsConfig')[copyindex()].enableAcceleratedNetworking]",
				"ipConfigurations": [{
					"name": "ipconfig1",
					"properties": {
						"subnet": {
							"id": "[concat(variables('vnetID'),'/subnets/',parameters('VMsConfig')[copyindex()].subnetName)]"
						},
						"privateIPAllocationMethod": "[parameters('VMsConfig')[copyindex()].privateIPAddressType]"
					}
				}]
			},
			"copy": {
				"name": "privateNicLoop",
				"count": "[length(parameters('VMsConfig'))]"
			},
			"condition": "[equals(parameters('VMsConfig')[copyindex()].isPublic, 0)]"
		},
		{
			"type": "Microsoft.Compute/virtualMachines",
			"apiVersion": "2020-12-01",
			"name": "[parameters('VMsConfig')[copyindex()].virtualMachineName]",
			"location": "[resourceGroup().location]",
			"dependsOn": [
				"privateNicLoop"
			],
			"properties": {
				"osProfile": {
					"computerName": "[parameters('VMsConfig')[copyindex()].virtualMachineName]",
					"adminUsername": "[variables('adminUsername')]",
					"adminPassword": "[parameters('adminPassword')]"
				},
				"hardwareProfile": {
					"vmSize": "[parameters('VMsConfig')[copyindex()].virtualMachineSize]"
				},
				"storageProfile": {
					"imageReference": {
						"publisher": "Oracle",
						"offer": "Oracle-Linux",
						"sku": "ol84-lvm-gen2",
						"version": "latest"
					},
					"osDisk": {
						"name": "[concat(parameters('VMsConfig')[copyindex()].virtualMachineName,'-OSDisk')]",
						"createOption": "FromImage",
						"managedDisk": {
							"storageAccountType": "Standard_LRS"
						}
					},
					"copy": [{
						"name": "dataDisks",
						"count": "[parameters('VMsConfig')[copyindex()].dataDisksCount]",
						"input": {
							"name": "[concat(parameters('VMsConfig')[copyindex()].virtualMachineName,'-DataDisk',copyIndex('dataDisks'))]",
							"diskSizeGB": "[parameters('VMsConfig')[copyindex()].dataDiskSizeLst [copyIndex('dataDisks')]]",
							"lun": "[copyIndex('dataDisks')]",
							"createOption": "Empty",
							"caching": "None",
							"managedDisk": {
								"storageAccountType": "[parameters('VMsConfig')[copyindex()].diskType]"

							}
						}
					}]
				},
				"networkProfile": {
					"networkInterfaces": [{
						"id": "[resourceId('Microsoft.Network/networkInterfaces', concat(parameters('VMsConfig')[copyindex()].virtualMachineName, variables('nicSuffix')))]"
					}]
				},
				"diagnosticsProfile": {
					"bootDiagnostics": {
						"enabled": true,
						"storageUri": "[concat('https://', parameters('diagstorageAccountName'), '.blob.core.windows.net/')]"
					}
				}
			},
			"copy": {
				"name": "VMLoop",
				"count": "[length(parameters('VMsConfig'))]"
			}
		}
	],
	"outputs": {}
}